{
  "mode": "irm",
  "config": "B",
  "e_values": [
    0.7,
    0.8
  ],
  "selection_method": "oracle",
  "mean_test_acc": 0.9350099742412568,
  "std_test_acc": 0.0017575261454813383,
  "mean_train_acc": 0.8259719789028168,
  "std_train_acc": 0.0025988346459227206,
  "all_test_accs": [
    0.9333999752998352,
    0.9304999709129333,
    0.9372999668121338,
    0.9357999563217163,
    0.9351999759674072,
    0.9351999759674072,
    0.9358999729156494,
    0.9355999827384949,
    0.9352999925613403,
    0.9358999729156494
  ],
  "all_train_accs": [
    0.8224199712276459,
    0.8208399713039398,
    0.830299973487854,
    0.8280999660491943,
    0.8260799646377563,
    0.8270399868488312,
    0.826559990644455,
    0.8247399926185608,
    0.8274799883365631,
    0.8261599838733673
  ]
}