{
  "mode": "irm",
  "config": "D",
  "e_values": [
    0.1,
    0.8
  ],
  "selection_method": "leave_one_domain_out",
  "mean_test_acc": 0.7102899789810181,
  "std_test_acc": 0.0060193764935645485,
  "mean_train_acc": 0.7193319797515869,
  "std_train_acc": 0.006623570043819622,
  "all_test_accs": [
    0.7129999995231628,
    0.7002999782562256,
    0.699999988079071,
    0.7102999687194824,
    0.7142999768257141,
    0.7135999798774719,
    0.7117999792098999,
    0.7124999761581421,
    0.7066999673843384,
    0.7203999757766724
  ],
  "all_train_accs": [
    0.7303999662399292,
    0.7089399993419647,
    0.7178599834442139,
    0.7224599719047546,
    0.7252799868583679,
    0.7183599770069122,
    0.7184599936008453,
    0.7156399786472321,
    0.7095399796962738,
    0.7263799607753754
  ]
}