{
  "mode": "erm",
  "config": "A",
  "e_values": [
    0.1,
    0.2
  ],
  "selection_method": "train_domain_val",
  "mean_test_acc": 0.13947999477386475,
  "std_test_acc": 0.002611433197015898,
  "mean_train_acc": 0.9082124769687653,
  "std_train_acc": 0.001949275287279098,
  "all_test_accs": [
    0.13899999856948853,
    0.1412999927997589,
    0.141199991106987,
    0.1410999894142151,
    0.13910000026226044,
    0.1410999894142151,
    0.14069999754428864,
    0.1404999941587448,
    0.13220000267028809,
    0.13859999179840088
  ],
  "all_train_accs": [
    0.9062999784946442,
    0.9095749855041504,
    0.9091749787330627,
    0.9085249900817871,
    0.9083999693393707,
    0.9101499915122986,
    0.9094249606132507,
    0.9085249900817871,
    0.9031499624252319,
    0.9088999629020691
  ]
}