{
  "mode": "irm",
  "config": "C",
  "e_values": [
    0.1,
    0.5
  ],
  "selection_method": "train_domain_val",
  "mean_test_acc": 0.6682499825954438,
  "std_test_acc": 0.010679344241574304,
  "mean_train_acc": 0.7332149833440781,
  "std_train_acc": 0.00512551183405179,
  "all_test_accs": [
    0.6430000066757202,
    0.663599967956543,
    0.6735000014305115,
    0.6561999917030334,
    0.6743999719619751,
    0.6685999631881714,
    0.6793000102043152,
    0.6750999689102173,
    0.670799970626831,
    0.6779999732971191
  ],
  "all_train_accs": [
    0.723499983549118,
    0.732399970293045,
    0.7354999780654907,
    0.7244499921798706,
    0.7367249727249146,
    0.7395999729633331,
    0.7315999865531921,
    0.7354249954223633,
    0.7378499805927277,
    0.7351000010967255
  ]
}