{
  "mode": "irm",
  "config": "C",
  "e_values": [
    0.1,
    0.5
  ],
  "selection_method": "oracle",
  "mean_test_acc": 0.6931399881839753,
  "std_test_acc": 0.003267778742012662,
  "mean_train_acc": 0.6854679882526398,
  "std_train_acc": 0.008453905683833156,
  "all_test_accs": [
    0.689300000667572,
    0.6944999694824219,
    0.6960999965667725,
    0.6904000043869019,
    0.6990999579429626,
    0.6919999718666077,
    0.6951000094413757,
    0.6899999976158142,
    0.6890999674797058,
    0.6958000063896179
  ],
  "all_train_accs": [
    0.6836400032043457,
    0.6789999902248383,
    0.6733799874782562,
    0.6754399836063385,
    0.6863600015640259,
    0.6965999603271484,
    0.6882399916648865,
    0.6849199831485748,
    0.7024799883365631,
    0.6846199929714203
  ]
}