{
  "mode": "irm",
  "config": "A",
  "e_values": [
    0.1,
    0.2
  ],
  "selection_method": "train_domain_val",
  "mean_test_acc": 0.13669999688863754,
  "std_test_acc": 0.001188276238169999,
  "mean_train_acc": 0.8992274791002274,
  "std_train_acc": 0.0018574667472004167,
  "all_test_accs": [
    0.13689999282360077,
    0.13369999825954437,
    0.1378999948501587,
    0.13699999451637268,
    0.13589999079704285,
    0.13740000128746033,
    0.13819999992847443,
    0.13650000095367432,
    0.13650000095367432,
    0.13699999451637268
  ],
  "all_train_accs": [
    0.9005249738693237,
    0.8998000025749207,
    0.8991499841213226,
    0.900799959897995,
    0.8940499722957611,
    0.9001249670982361,
    0.9000749886035919,
    0.8982499837875366,
    0.8994499742984772,
    0.9000499844551086
  ]
}