{
  "mode": "irm",
  "config": "A",
  "e_values": [
    0.1,
    0.2
  ],
  "selection_method": "oracle",
  "mean_test_acc": 0.5512699902057647,
  "std_test_acc": 0.027812690837447675,
  "mean_train_acc": 0.7197799801826477,
  "std_train_acc": 0.01930712830192869,
  "all_test_accs": [
    0.5645999908447266,
    0.57669997215271,
    0.5234000086784363,
    0.541700005531311,
    0.5188999772071838,
    0.5360999703407288,
    0.5860999822616577,
    0.6018999814987183,
    0.5421000123023987,
    0.5212000012397766
  ],
  "all_train_accs": [
    0.7131999731063843,
    0.7087799906730652,
    0.7425599992275238,
    0.7243799567222595,
    0.686059981584549,
    0.7502999901771545,
    0.7162599861621857,
    0.6937599778175354,
    0.7301999628543854,
    0.7322999835014343
  ]
}