{
  "mode": "irm",
  "config": "B",
  "e_values": [
    0.7,
    0.8
  ],
  "selection_method": "train_domain_val",
  "mean_test_acc": 0.9352399826049804,
  "std_test_acc": 0.001156037505541076,
  "mean_train_acc": 0.8272774785757064,
  "std_train_acc": 0.0013700604819741604,
  "all_test_accs": [
    0.9348999857902527,
    0.933899998664856,
    0.9368000030517578,
    0.9357999563217163,
    0.9328999519348145,
    0.934499979019165,
    0.9359999895095825,
    0.9363999962806702,
    0.9361000061035156,
    0.9350999593734741
  ],
  "all_train_accs": [
    0.825549989938736,
    0.8285999894142151,
    0.8296499848365784,
    0.8272499740123749,
    0.8250499665737152,
    0.8265749514102936,
    0.8267999887466431,
    0.8288999795913696,
    0.8269999921321869,
    0.8273999691009521
  ]
}