{
  "mode": "irm",
  "config": "A",
  "e_values": [
    0.1,
    0.2
  ],
  "selection_method": "leave_one_domain_out",
  "mean_test_acc": 0.2827899932861328,
  "std_test_acc": 0.009317884056728962,
  "mean_train_acc": 0.8621159821748734,
  "std_train_acc": 0.0026543141451516932,
  "all_test_accs": [
    0.28790000081062317,
    0.2777999937534332,
    0.28029999136924744,
    0.3052999973297119,
    0.2806999981403351,
    0.2816999852657318,
    0.27719998359680176,
    0.2678999900817871,
    0.289000004529953,
    0.2800999879837036
  ],
  "all_train_accs": [
    0.8627199828624725,
    0.8611799776554108,
    0.864939957857132,
    0.8569599986076355,
    0.8610399663448334,
    0.8625399768352509,
    0.8618199825286865,
    0.8675199747085571,
    0.8601199984550476,
    0.8623200058937073
  ]
}