{
  "mode": "irm",
  "config": "D",
  "e_values": [
    0.1,
    0.8
  ],
  "selection_method": "train_domain_val",
  "mean_test_acc": 0.7030999839305878,
  "std_test_acc": 0.012411195451051366,
  "mean_train_acc": 0.7096024811267853,
  "std_train_acc": 0.013184086047358528,
  "all_test_accs": [
    0.7001000046730042,
    0.7073000073432922,
    0.7121999859809875,
    0.6851999759674072,
    0.7042999863624573,
    0.6771000027656555,
    0.714199960231781,
    0.7003999948501587,
    0.717799961566925,
    0.712399959564209
  ],
  "all_train_accs": [
    0.6823749840259552,
    0.7234250009059906,
    0.7174999713897705,
    0.6975249648094177,
    0.7133750021457672,
    0.6957749724388123,
    0.7229249775409698,
    0.7132749855518341,
    0.7234249711036682,
    0.7064249813556671
  ]
}