{
  "mode": "erm",
  "config": "D",
  "e_values": [
    0.1,
    0.8
  ],
  "selection_method": "oracle",
  "mean_test_acc": 0.6650599896907806,
  "std_test_acc": 0.022011870804412612,
  "mean_train_acc": 0.7374359786510467,
  "std_train_acc": 0.008601349191139435,
  "all_test_accs": [
    0.6832000017166138,
    0.6283000111579895,
    0.6735000014305115,
    0.6348999738693237,
    0.6827999949455261,
    0.6861000061035156,
    0.6877999901771545,
    0.6664999723434448,
    0.635699987411499,
    0.6717999577522278
  ],
  "all_train_accs": [
    0.7387599647045135,
    0.7316999733448029,
    0.7423200011253357,
    0.7225199639797211,
    0.7418399751186371,
    0.7476399838924408,
    0.7459199726581573,
    0.7396399974822998,
    0.7220199704170227,
    0.7419999837875366
  ]
}