{
  "mode": "erm",
  "config": "A",
  "e_values": [
    0.1,
    0.2
  ],
  "selection_method": "oracle",
  "mean_test_acc": 0.142589995265007,
  "std_test_acc": 0.000592367012465218,
  "mean_train_acc": 0.9104419738054276,
  "std_train_acc": 0.0009750272601683929,
  "all_test_accs": [
    0.14270000159740448,
    0.14299999177455902,
    0.14319999516010284,
    0.14259999990463257,
    0.14309999346733093,
    0.14139999449253082,
    0.14239999651908875,
    0.1428999900817871,
    0.14299999177455902,
    0.14159999787807465
  ],
  "all_train_accs": [
    0.9111199676990509,
    0.9110399782657623,
    0.9108999967575073,
    0.9088599681854248,
    0.9111599624156952,
    0.9101399779319763,
    0.9089399874210358,
    0.911139965057373,
    0.9116999804973602,
    0.9094199538230896
  ]
}