{
  "mode": "irm",
  "config": "B",
  "e_values": [
    0.7,
    0.8
  ],
  "selection_method": "leave_one_domain_out",
  "mean_test_acc": 0.793889981508255,
  "std_test_acc": 0.034127761748668856,
  "mean_train_acc": 0.762205982208252,
  "std_train_acc": 0.02645514649793249,
  "all_test_accs": [
    0.6951000094413757,
    0.7996000051498413,
    0.8176999688148499,
    0.8055999875068665,
    0.8068999648094177,
    0.8032999634742737,
    0.7937999963760376,
    0.8169999718666077,
    0.8118999600410461,
    0.7879999876022339
  ],
  "all_train_accs": [
    0.6853599846363068,
    0.7614199817180634,
    0.7759999930858612,
    0.7765399813652039,
    0.7679999768733978,
    0.768919974565506,
    0.7643399834632874,
    0.7816199958324432,
    0.7775999903678894,
    0.7622599601745605
  ]
}