{
  "mode": "erm",
  "config": "B",
  "e_values": [
    0.7,
    0.8
  ],
  "selection_method": "leave_one_domain_out",
  "mean_test_acc": 0.9405899763107299,
  "std_test_acc": 0.001095850026867327,
  "mean_train_acc": 0.8392859786748886,
  "std_train_acc": 0.0010498756144595508,
  "all_test_accs": [
    0.9377999901771545,
    0.9404999613761902,
    0.9404000043869019,
    0.9408999681472778,
    0.941100001335144,
    0.9411999583244324,
    0.9414999485015869,
    0.939799964427948,
    0.9406999945640564,
    0.9419999718666077
  ],
  "all_train_accs": [
    0.8368399739265442,
    0.8399799764156342,
    0.83883997797966,
    0.8388599753379822,
    0.8398599922657013,
    0.8398999869823456,
    0.8399999737739563,
    0.838239997625351,
    0.8397799730300903,
    0.8405599594116211
  ]
}