{
  "mode": "erm",
  "config": "D",
  "e_values": [
    0.1,
    0.8
  ],
  "selection_method": "train_domain_val",
  "mean_test_acc": 0.6724599838256836,
  "std_test_acc": 0.010555588617820105,
  "mean_train_acc": 0.7463424801826477,
  "std_train_acc": 0.0029332201244573705,
  "all_test_accs": [
    0.6804999709129333,
    0.6807000041007996,
    0.673799991607666,
    0.680899977684021,
    0.6438999772071838,
    0.6686999797821045,
    0.6676999926567078,
    0.6789000034332275,
    0.6732999682426453,
    0.6761999726295471
  ],
  "all_train_accs": [
    0.7481499910354614,
    0.7449499666690826,
    0.7498749792575836,
    0.7479249835014343,
    0.7393249571323395,
    0.745974987745285,
    0.7457999885082245,
    0.7489499747753143,
    0.7440750002861023,
    0.7483999729156494
  ]
}