{
  "mode": "erm",
  "config": "C",
  "e_values": [
    0.1,
    0.5
  ],
  "selection_method": "oracle",
  "mean_test_acc": 0.2372099921107292,
  "std_test_acc": 0.014779070976421295,
  "mean_train_acc": 0.791257980465889,
  "std_train_acc": 0.0019951485159697187,
  "all_test_accs": [
    0.2441999912261963,
    0.23659999668598175,
    0.2418999969959259,
    0.2700999975204468,
    0.2232999950647354,
    0.23089998960494995,
    0.2507999837398529,
    0.2254999876022339,
    0.2329999953508377,
    0.2157999873161316
  ],
  "all_train_accs": [
    0.7902199923992157,
    0.7910799980163574,
    0.7934599816799164,
    0.7874199748039246,
    0.79407998919487,
    0.793179988861084,
    0.7907799780368805,
    0.7919599711894989,
    0.7916999757289886,
    0.7886999547481537
  ]
}