{
  "mode": "irm",
  "config": "C",
  "e_values": [
    0.1,
    0.5
  ],
  "selection_method": "leave_one_domain_out",
  "mean_test_acc": 0.6752299726009369,
  "std_test_acc": 0.02857125077706037,
  "mean_train_acc": 0.7212859779596329,
  "std_train_acc": 0.025120825962450435,
  "all_test_accs": [
    0.6913999915122986,
    0.6891999840736389,
    0.6886999607086182,
    0.6882999539375305,
    0.6894999742507935,
    0.6812999844551086,
    0.6825000047683716,
    0.6627999544143677,
    0.592799961566925,
    0.6857999563217163
  ],
  "all_train_accs": [
    0.7318199872970581,
    0.7295199632644653,
    0.7284199893474579,
    0.7290399670600891,
    0.7282799780368805,
    0.7355799674987793,
    0.7330199778079987,
    0.7176799774169922,
    0.647159993648529,
    0.7323399782180786
  ]
}