{
  "mode": "erm",
  "config": "C",
  "e_values": [
    0.1,
    0.5
  ],
  "selection_method": "train_domain_val",
  "mean_test_acc": 0.24094999581575394,
  "std_test_acc": 0.013895051489768192,
  "mean_train_acc": 0.7939174771308899,
  "std_train_acc": 0.00404045157196871,
  "all_test_accs": [
    0.24969999492168427,
    0.21930000185966492,
    0.22579999268054962,
    0.23899999260902405,
    0.2395000010728836,
    0.2572999894618988,
    0.24239999055862427,
    0.23849999904632568,
    0.2296999990940094,
    0.26829999685287476
  ],
  "all_train_accs": [
    0.7971999645233154,
    0.7910249829292297,
    0.7964749932289124,
    0.79442498087883,
    0.7947999835014343,
    0.7837749719619751,
    0.7968499660491943,
    0.7965999841690063,
    0.7969999611377716,
    0.7910249829292297
  ]
}