{
  "mode": "erm",
  "config": "B",
  "e_values": [
    0.7,
    0.8
  ],
  "selection_method": "train_domain_val",
  "mean_test_acc": 0.9369499802589416,
  "std_test_acc": 0.0009810702117447607,
  "mean_train_acc": 0.8409549772739411,
  "std_train_acc": 0.0014123966703624565,
  "all_test_accs": [
    0.9362999796867371,
    0.9380999803543091,
    0.9368999600410461,
    0.9358999729156494,
    0.9355999827384949,
    0.937999963760376,
    0.9377999901771545,
    0.9369999766349792,
    0.9381999969482422,
    0.935699999332428
  ],
  "all_train_accs": [
    0.8412249982357025,
    0.841424971818924,
    0.8399999737739563,
    0.8386499583721161,
    0.839199960231781,
    0.8432499766349792,
    0.8415749669075012,
    0.8424249887466431,
    0.8420249819755554,
    0.8397749960422516
  ]
}