{
  "mode": "irm",
  "config": "D",
  "e_values": [
    0.1,
    0.8
  ],
  "selection_method": "oracle",
  "mean_test_acc": 0.7090799748897553,
  "std_test_acc": 0.037932645205485616,
  "mean_train_acc": 0.713263988494873,
  "std_train_acc": 0.05613295995955313,
  "all_test_accs": [
    0.7199999690055847,
    0.7200999855995178,
    0.7216999530792236,
    0.5953999757766724,
    0.7211999893188477,
    0.7185999751091003,
    0.7245999574661255,
    0.7233999967575073,
    0.7232999801635742,
    0.7224999666213989
  ],
  "all_train_accs": [
    0.733379989862442,
    0.7302199900150299,
    0.7333599925041199,
    0.5449399948120117,
    0.7320999801158905,
    0.7305999994277954,
    0.7347599864006042,
    0.7316599786281586,
    0.7328799962997437,
    0.7287399768829346
  ]
}