{
  "best": {
    "hidden_dim": 229,
    "l2_regularizer_weight": 1.216455133097967e-05,
    "lr": 0.0016566080706739653,
    "penalty_anneal_iters": 112,
    "penalty_weight": 107597.95306520718,
    "steps": 101,
    "grayscale_model": false,
    "mode": "irm"
  }
}