{
  "best": {
    "hidden_dim": 427,
    "l2_regularizer_weight": 0.0006605524798050307,
    "lr": 0.0016962761700286555,
    "penalty_anneal_iters": 176,
    "penalty_weight": 549907.5661406083,
    "steps": 301,
    "grayscale_model": false
  },
  "all_trials": [
    {
      "trial": 0,
      "score": 0.6588863730430603,
      "val_accs": [
        0.8479539155960083,
        0.6588863730430603,
        0.7033237218856812
      ],
      "test_acc": 0.3658999875187874,
      "elapsed": 17.18163251876831,
      "hidden_dim": 240,
      "l2_regularizer_weight": 6.447036682716463e-05,
      "lr": 0.00034751497510651446,
      "penalty_anneal_iters": 65,
      "penalty_weight": 179093.96718478328,
      "steps": 101,
      "grayscale_model": false
    },
    {
      "trial": 1,
      "score": 0.7035037279129028,
      "val_accs": [
        0.7595703601837158,
        0.7406696081161499,
        0.7035037279129028
      ],
      "test_acc": 0.6042333046595255,
      "elapsed": 84.5695948600769,
      "hidden_dim": 427,
      "l2_regularizer_weight": 0.0006605524798050307,
      "lr": 0.0016962761700286555,
      "penalty_anneal_iters": 176,
      "penalty_weight": 549907.5661406083,
      "steps": 301,
      "grayscale_model": false
    }
  ]
}