{
  "best": {
    "hidden_dim": 240,
    "l2_regularizer_weight": 6.447036682716463e-05,
    "lr": 0.00034751497510651446,
    "penalty_anneal_iters": 65,
    "penalty_weight": 179093.96718478328,
    "steps": 101,
    "grayscale_model": false
  },
  "all_trials": [
    {
      "trial": 0,
      "score": 0.6762676239013672,
      "val_accs": [
        0.7401739954948425,
        0.7062705755233765,
        0.6762676239013672
      ],
      "test_acc": 0.5008999705314636,
      "elapsed": 7.259780645370483,
      "hidden_dim": 240,
      "l2_regularizer_weight": 6.447036682716463e-05,
      "lr": 0.00034751497510651446,
      "penalty_anneal_iters": 65,
      "penalty_weight": 179093.96718478328,
      "steps": 101,
      "grayscale_model": false
    },
    {
      "trial": 1,
      "score": 0.6696669459342957,
      "val_accs": [
        0.7227722406387329,
        0.701470136642456,
        0.6696669459342957
      ],
      "test_acc": 0.5551999807357788,
      "elapsed": 27.31312084197998,
      "hidden_dim": 427,
      "l2_regularizer_weight": 0.0006605524798050307,
      "lr": 0.0016962761700286555,
      "penalty_anneal_iters": 176,
      "penalty_weight": 549907.5661406083,
      "steps": 301,
      "grayscale_model": false
    }
  ]
}