{
  "mode": "irm",
  "e1": 0.1,
  "e2": 0.4,
  "selection_method": "oracle",
  "mean_test_acc": 0.7120499730110168,
  "std_test_acc": 0.008976101717493018,
  "mean_train_acc": 0.7114779829978943,
  "std_train_acc": 0.010312252909008796,
  "all_test_accs": [
    0.7184999585151672,
    0.7197999954223633,
    0.7173999547958374,
    0.7087999582290649,
    0.7124999761581421,
    0.7209999561309814,
    0.6994999647140503,
    0.7177000045776367,
    0.7130999565124512,
    0.6922000050544739
  ],
  "all_train_accs": [
    0.7153799831867218,
    0.7184799909591675,
    0.7208799719810486,
    0.7068400084972382,
    0.7208399772644043,
    0.7070599794387817,
    0.7068199813365936,
    0.7170199751853943,
    0.7165199816226959,
    0.684939980506897
  ]
}