{
  "mode": "erm",
  "e1": 0.1,
  "e2": 0.8,
  "selection_method": "train_domain_val",
  "mean_test_acc": 0.6560799777507782,
  "std_test_acc": 0.02230802593590313,
  "mean_train_acc": 0.8095899820327759,
  "std_train_acc": 0.01195446110301379,
  "all_test_accs": [
    0.6678999662399292,
    0.6611999869346619,
    0.623699963092804,
    0.6388999819755554,
    0.6193999648094177,
    0.6728000044822693,
    0.6862999796867371,
    0.6664999723434448,
    0.6814000010490417,
    0.6426999568939209
  ],
  "all_train_accs": [
    0.8110999763011932,
    0.8147499859333038,
    0.7968999743461609,
    0.815449982881546,
    0.778674989938736,
    0.8169999718666077,
    0.8151249885559082,
    0.8123999834060669,
    0.812874972820282,
    0.8216249942779541
  ]
}