{
  "mode": "erm",
  "e1": 0.1,
  "e2": 0.2,
  "selection_method": "leave_one_domain_out",
  "mean_test_acc": 0.16839999705553055,
  "std_test_acc": 0.00535088676300858,
  "mean_train_acc": 0.8734039813280106,
  "std_train_acc": 0.0015400747937595347,
  "all_test_accs": [
    0.17090000212192535,
    0.1808999925851822,
    0.16979999840259552,
    0.17139999568462372,
    0.16089999675750732,
    0.17029999196529388,
    0.1648000031709671,
    0.1631999909877777,
    0.16539999842643738,
    0.1664000004529953
  ],
  "all_train_accs": [
    0.8728599846363068,
    0.871999979019165,
    0.8723199665546417,
    0.8728399872779846,
    0.8742799758911133,
    0.873559981584549,
    0.8710199892520905,
    0.8731799721717834,
    0.875819981098175,
    0.8761599957942963
  ]
}