{
  "mode": "irm",
  "e1": 0.1,
  "e2": 0.3,
  "selection_method": "leave_one_domain_out",
  "mean_test_acc": 0.639139986038208,
  "std_test_acc": 0.01915422382525877,
  "mean_train_acc": 0.7542359828948975,
  "std_train_acc": 0.014969607448009055,
  "all_test_accs": [
    0.6293999552726746,
    0.6613999605178833,
    0.6510999798774719,
    0.6439999938011169,
    0.6345999836921692,
    0.6347999572753906,
    0.5920000076293945,
    0.6351000070571899,
    0.6635000109672546,
    0.6455000042915344
  ],
  "all_train_accs": [
    0.7771599888801575,
    0.7638399600982666,
    0.7352199852466583,
    0.7544800043106079,
    0.7691199779510498,
    0.7346599698066711,
    0.737779974937439,
    0.7705399990081787,
    0.7434400022029877,
    0.756119966506958
  ]
}