{
  "mode": "irm",
  "e1": 0.1,
  "e2": 0.4,
  "selection_method": "train_domain_val",
  "mean_test_acc": 0.6734399855136871,
  "std_test_acc": 0.005431048973048238,
  "mean_train_acc": 0.7540399819612503,
  "std_train_acc": 0.0044508616565570695,
  "all_test_accs": [
    0.6815999746322632,
    0.6728000044822693,
    0.6839999556541443,
    0.6687999963760376,
    0.6705999970436096,
    0.6665999889373779,
    0.6735999584197998,
    0.6726999878883362,
    0.6759999990463257,
    0.6676999926567078
  ],
  "all_train_accs": [
    0.7469249963760376,
    0.7555249929428101,
    0.7451249659061432,
    0.756974995136261,
    0.7562249898910522,
    0.7586749792098999,
    0.7540499866008759,
    0.7536249756813049,
    0.7536999583244324,
    0.7595749795436859
  ]
}