{
  "mode": "erm",
  "e1": 0.1,
  "e2": 0.5,
  "selection_method": "train_domain_val",
  "mean_test_acc": 0.48069998919963836,
  "std_test_acc": 0.023677884006231716,
  "mean_train_acc": 0.8381299823522568,
  "std_train_acc": 0.00553980223905605,
  "all_test_accs": [
    0.4423999786376953,
    0.4576999843120575,
    0.49570000171661377,
    0.4749999940395355,
    0.5245000123977661,
    0.4811999797821045,
    0.5047999620437622,
    0.49779999256134033,
    0.46399998664855957,
    0.46389999985694885
  ],
  "all_train_accs": [
    0.8317499756813049,
    0.8421499729156494,
    0.8305999636650085,
    0.8281749784946442,
    0.8401249945163727,
    0.844650000333786,
    0.8400499820709229,
    0.8431249856948853,
    0.8381749987602234,
    0.8424999713897705
  ]
}