{
  "mode": "erm",
  "e1": 0.1,
  "e2": 0.7,
  "selection_method": "train_domain_val",
  "mean_test_acc": 0.6077199816703797,
  "std_test_acc": 0.010190371946926275,
  "mean_train_acc": 0.8198074698448181,
  "std_train_acc": 0.004262658405442947,
  "all_test_accs": [
    0.6020999550819397,
    0.6110000014305115,
    0.6140999794006348,
    0.6103999614715576,
    0.5856999754905701,
    0.6032999753952026,
    0.6248999834060669,
    0.6069999933242798,
    0.6177999973297119,
    0.6008999943733215
  ],
  "all_train_accs": [
    0.8240999579429626,
    0.8208499848842621,
    0.8184499740600586,
    0.8208999931812286,
    0.8093999624252319,
    0.822799950838089,
    0.821524977684021,
    0.8149999678134918,
    0.8232499659061432,
    0.8217999637126923
  ]
}