{
  "mode": "erm",
  "e1": 0.1,
  "e2": 0.8,
  "selection_method": "oracle",
  "mean_test_acc": 0.673389983177185,
  "std_test_acc": 0.011383106315677245,
  "mean_train_acc": 0.7939379811286926,
  "std_train_acc": 0.002252809565900925,
  "all_test_accs": [
    0.6819999814033508,
    0.6908000111579895,
    0.6578999757766724,
    0.6804999709129333,
    0.6577999591827393,
    0.6557999849319458,
    0.6757999658584595,
    0.6782000064849854,
    0.6750999689102173,
    0.6800000071525574
  ],
  "all_train_accs": [
    0.7920799851417542,
    0.7927999794483185,
    0.7921800017356873,
    0.7930999994277954,
    0.7911199629306793,
    0.7943599820137024,
    0.7968399822711945,
    0.7928599715232849,
    0.7953599691390991,
    0.7986799776554108
  ]
}