{
  "mode": "erm",
  "e1": 0.1,
  "e2": 0.4,
  "selection_method": "train_domain_val",
  "mean_test_acc": 0.4024399876594543,
  "std_test_acc": 0.01632613020040298,
  "mean_train_acc": 0.8506874799728393,
  "std_train_acc": 0.0066618252529965375,
  "all_test_accs": [
    0.3757999837398529,
    0.3920999765396118,
    0.42289999127388,
    0.42739999294281006,
    0.40799999237060547,
    0.4097999930381775,
    0.38999998569488525,
    0.3852999806404114,
    0.39559999108314514,
    0.41749998927116394
  ],
  "all_train_accs": [
    0.852649986743927,
    0.8543999791145325,
    0.8539249897003174,
    0.8519249856472015,
    0.8454499840736389,
    0.8590249717235565,
    0.8516499698162079,
    0.8350249826908112,
    0.8454999625682831,
    0.8573249876499176
  ]
}