{
  "mode": "irm",
  "e1": 0.1,
  "e2": 0.7,
  "selection_method": "leave_one_domain_out",
  "mean_test_acc": 0.6504799842834472,
  "std_test_acc": 0.03846840139846561,
  "mean_train_acc": 0.7551719784736634,
  "std_train_acc": 0.07961668653722868,
  "all_test_accs": [
    0.6735000014305115,
    0.6718999743461609,
    0.6621999740600586,
    0.6535999774932861,
    0.5600999593734741,
    0.6764000058174133,
    0.6681999564170837,
    0.6693999767303467,
    0.5920000076293945,
    0.6775000095367432
  ],
  "all_train_accs": [
    0.808459997177124,
    0.8073199689388275,
    0.8080199658870697,
    0.6499999761581421,
    0.6911199688911438,
    0.8067799806594849,
    0.8121399879455566,
    0.8050799667835236,
    0.579939991235733,
    0.7828599810600281
  ]
}