{
  "mode": "irm",
  "e1": 0.1,
  "e2": 0.5,
  "selection_method": "leave_one_domain_out",
  "mean_test_acc": 0.6251499831676484,
  "std_test_acc": 0.06992668579326201,
  "mean_train_acc": 0.7433899790048599,
  "std_train_acc": 0.08996051769954588,
  "all_test_accs": [
    0.6596999764442444,
    0.640500009059906,
    0.46609997749328613,
    0.5259999632835388,
    0.6384999752044678,
    0.6222999691963196,
    0.6358000040054321,
    0.67249995470047,
    0.6913999915122986,
    0.6987000107765198
  ],
  "all_train_accs": [
    0.8051799833774567,
    0.81659996509552,
    0.6541399657726288,
    0.5171200037002563,
    0.8117799758911133,
    0.800059974193573,
    0.8112999796867371,
    0.7412599921226501,
    0.7343999743461609,
    0.742059975862503
  ]
}