{
  "mode": "irm",
  "e1": 0.1,
  "e2": 0.8,
  "selection_method": "train_domain_val",
  "mean_test_acc": 0.7140599846839905,
  "std_test_acc": 0.006190347863826636,
  "mean_train_acc": 0.7504549831151962,
  "std_train_acc": 0.00460658174127795,
  "all_test_accs": [
    0.7143999934196472,
    0.7174999713897705,
    0.7075999975204468,
    0.7166000008583069,
    0.7170000076293945,
    0.6980999708175659,
    0.7139999866485596,
    0.7192999720573425,
    0.7175999879837036,
    0.7184999585151672
  ],
  "all_train_accs": [
    0.7515249848365784,
    0.7499749958515167,
    0.7425749897956848,
    0.7551999986171722,
    0.7526499629020691,
    0.7419999837875366,
    0.7565749883651733,
    0.7487749755382538,
    0.7523999810218811,
    0.7528749704360962
  ]
}