{
  "mode": "erm",
  "e1": 0.1,
  "e2": 0.3,
  "selection_method": "leave_one_domain_out",
  "mean_test_acc": 0.2673899903893471,
  "std_test_acc": 0.02126115809807222,
  "mean_train_acc": 0.848435977101326,
  "std_train_acc": 0.005028263814263563,
  "all_test_accs": [
    0.27789998054504395,
    0.2597000002861023,
    0.2955999970436096,
    0.2654999792575836,
    0.29679998755455017,
    0.21979999542236328,
    0.24769999086856842,
    0.2685999870300293,
    0.26969999074935913,
    0.272599995136261
  ],
  "all_train_accs": [
    0.8519799709320068,
    0.8499999940395355,
    0.8472199738025665,
    0.8514599800109863,
    0.8355199694633484,
    0.8441799879074097,
    0.8483399748802185,
    0.8504599630832672,
    0.8539199829101562,
    0.8512799739837646
  ]
}