{
  "mode": "irm",
  "e1": 0.1,
  "e2": 0.2,
  "selection_method": "leave_one_domain_out",
  "mean_test_acc": 0.5927299916744232,
  "std_test_acc": 0.007588280723761702,
  "mean_train_acc": 0.7264899849891663,
  "std_train_acc": 0.004647025837277038,
  "all_test_accs": [
    0.590499997138977,
    0.6086999773979187,
    0.5945000052452087,
    0.5819000005722046,
    0.5895999670028687,
    0.5954999923706055,
    0.5979999899864197,
    0.5866000056266785,
    0.5982999801635742,
    0.5837000012397766
  ],
  "all_train_accs": [
    0.7188599705696106,
    0.7207599878311157,
    0.7307199835777283,
    0.7311599850654602,
    0.7301200032234192,
    0.7266599833965302,
    0.7241399884223938,
    0.7263199687004089,
    0.7225399911403656,
    0.7336199879646301
  ]
}