{
  "mode": "erm",
  "e1": 0.1,
  "e2": 0.9,
  "selection_method": "train_domain_val",
  "mean_test_acc": 0.6957599937915802,
  "std_test_acc": 0.010322910988728754,
  "mean_train_acc": 0.8126499712467193,
  "std_train_acc": 0.004540719108244411,
  "all_test_accs": [
    0.7105000019073486,
    0.6787999868392944,
    0.7042999863624573,
    0.7105000019073486,
    0.6967999935150146,
    0.6801999807357788,
    0.6915000081062317,
    0.6935999989509583,
    0.6972000002861023,
    0.6941999793052673
  ],
  "all_train_accs": [
    0.8052749633789062,
    0.8118999600410461,
    0.8101999759674072,
    0.8139249682426453,
    0.8146499693393707,
    0.8162749707698822,
    0.815324991941452,
    0.8144999742507935,
    0.8046249747276306,
    0.8198249638080597
  ]
}