{
  "mode": "irm",
  "e1": 0.1,
  "e2": 0.3,
  "selection_method": "train_domain_val",
  "mean_test_acc": 0.6372699856758117,
  "std_test_acc": 0.006613168523904172,
  "mean_train_acc": 0.7612324833869935,
  "std_train_acc": 0.003225046685546865,
  "all_test_accs": [
    0.6416000127792358,
    0.6459999680519104,
    0.6467999815940857,
    0.6265000104904175,
    0.6423999667167664,
    0.6337000131607056,
    0.6348999738693237,
    0.6363999843597412,
    0.6365999579429626,
    0.6277999877929688
  ],
  "all_train_accs": [
    0.7568999826908112,
    0.7600249946117401,
    0.7559499740600586,
    0.7663750052452087,
    0.7589999735355377,
    0.7625499665737152,
    0.7646499872207642,
    0.7612499892711639,
    0.761074960231781,
    0.7645500004291534
  ]
}