{
  "mode": "erm",
  "e1": 0.1,
  "e2": 0.3,
  "selection_method": "train_domain_val",
  "mean_test_acc": 0.28629999458789823,
  "std_test_acc": 0.018250590406067368,
  "mean_train_acc": 0.8672749876976014,
  "std_train_acc": 0.004627618885978055,
  "all_test_accs": [
    0.2924000024795532,
    0.29420000314712524,
    0.2538999915122986,
    0.3026999831199646,
    0.28119999170303345,
    0.30709999799728394,
    0.26010000705718994,
    0.2724999785423279,
    0.2886999845504761,
    0.3102000057697296
  ],
  "all_train_accs": [
    0.8660999834537506,
    0.8725999891757965,
    0.8600749969482422,
    0.8626999855041504,
    0.8616249859333038,
    0.8733999729156494,
    0.8654749989509583,
    0.8682499825954437,
    0.8694999814033508,
    0.8730250000953674
  ]
}