{
  "mode": "irm",
  "e1": 0.1,
  "e2": 0.7,
  "selection_method": "train_domain_val",
  "mean_test_acc": 0.717199981212616,
  "std_test_acc": 0.0022671525970145994,
  "mean_train_acc": 0.7369074821472168,
  "std_train_acc": 0.0031364810349438312,
  "all_test_accs": [
    0.7186999917030334,
    0.7175999879837036,
    0.7186999917030334,
    0.7143999934196472,
    0.711899995803833,
    0.7170999646186829,
    0.7191999554634094,
    0.7173999547958374,
    0.7197999954223633,
    0.717199981212616
  ],
  "all_train_accs": [
    0.7387999892234802,
    0.7375499904155731,
    0.7379249930381775,
    0.7406499683856964,
    0.7318249940872192,
    0.7401999831199646,
    0.7305499613285065,
    0.7368249893188477,
    0.73642498254776,
    0.7383249700069427
  ]
}