{
  "mode": "erm",
  "e1": 0.1,
  "e2": 0.7,
  "selection_method": "oracle",
  "mean_test_acc": 0.631309986114502,
  "std_test_acc": 0.01765244467784095,
  "mean_train_acc": 0.796741983294487,
  "std_train_acc": 0.008744284935041095,
  "all_test_accs": [
    0.6340000033378601,
    0.6560999751091003,
    0.6473000049591064,
    0.614799976348877,
    0.6200999617576599,
    0.6438999772071838,
    0.652899980545044,
    0.6259999871253967,
    0.6187999844551086,
    0.5992000102996826
  ],
  "all_train_accs": [
    0.7982199788093567,
    0.7985000014305115,
    0.7975999712944031,
    0.799019992351532,
    0.799239993095398,
    0.8026999831199646,
    0.8015199601650238,
    0.7712399959564209,
    0.8029399812221527,
    0.7964399755001068
  ]
}