{
  "mode": "irm",
  "e1": 0.1,
  "e2": 0.2,
  "selection_method": "train_domain_val",
  "mean_test_acc": 0.10787999704480171,
  "std_test_acc": 0.0013399993861804196,
  "mean_train_acc": 0.8469099789857865,
  "std_train_acc": 0.0001410739732974092,
  "all_test_accs": [
    0.10859999805688858,
    0.10719999670982361,
    0.10889999568462372,
    0.10520000010728836,
    0.1087999939918518,
    0.10819999873638153,
    0.10589999705553055,
    0.10759999603033066,
    0.1087999939918518,
    0.1096000000834465
  ],
  "all_train_accs": [
    0.84682497382164,
    0.8471499979496002,
    0.8467499613761902,
    0.8469249606132507,
    0.8468999862670898,
    0.84682497382164,
    0.8470499813556671,
    0.8470999896526337,
    0.846699982881546,
    0.8468749821186066
  ]
}