{
  "mode": "irm",
  "e1": 0.1,
  "e2": 0.9,
  "selection_method": "oracle",
  "mean_test_acc": 0.7308299899101257,
  "std_test_acc": 0.019937866997400338,
  "mean_train_acc": 0.7522899776697158,
  "std_train_acc": 0.0037120610866839482,
  "all_test_accs": [
    0.6994999647140503,
    0.7184000015258789,
    0.7594000101089478,
    0.7092999815940857,
    0.7414000034332275,
    0.7384999990463257,
    0.761900007724762,
    0.7198999524116516,
    0.7177000045776367,
    0.7422999739646912
  ],
  "all_train_accs": [
    0.7540799677371979,
    0.7562199831008911,
    0.7444799840450287,
    0.7533600032329559,
    0.7498999834060669,
    0.7531799674034119,
    0.7482799589633942,
    0.757999986410141,
    0.7535599768161774,
    0.7518399655818939
  ]
}