{
  "mode": "erm",
  "e1": 0.1,
  "e2": 0.2,
  "selection_method": "train_domain_val",
  "mean_test_acc": 0.2003199964761734,
  "std_test_acc": 0.007984210411356604,
  "mean_train_acc": 0.886677473783493,
  "std_train_acc": 0.002404770263714747,
  "all_test_accs": [
    0.20260000228881836,
    0.19979999959468842,
    0.20839999616146088,
    0.19449999928474426,
    0.1964000016450882,
    0.2061999887228012,
    0.1834999918937683,
    0.19679999351501465,
    0.21400000154972076,
    0.20099999010562897
  ],
  "all_train_accs": [
    0.8892999887466431,
    0.8828999698162079,
    0.8877999782562256,
    0.8863749802112579,
    0.8859749734401703,
    0.8878499567508698,
    0.8841749727725983,
    0.8845999836921692,
    0.8914499580860138,
    0.8863499760627747
  ]
}