{
  "mode": "irm",
  "e1": 0.1,
  "e2": 0.7,
  "selection_method": "oracle",
  "mean_test_acc": 0.7257799804210663,
  "std_test_acc": 0.001188948487373822,
  "mean_train_acc": 0.7370859771966934,
  "std_train_acc": 0.0032355059332006197,
  "all_test_accs": [
    0.7249000072479248,
    0.7256999611854553,
    0.724299967288971,
    0.7272999882698059,
    0.7247999906539917,
    0.7258999943733215,
    0.7256999611854553,
    0.7279999852180481,
    0.724399983882904,
    0.7267999649047852
  ],
  "all_train_accs": [
    0.7413199841976166,
    0.7331799864768982,
    0.7349199652671814,
    0.7404800057411194,
    0.7367599606513977,
    0.740699976682663,
    0.7382999658584595,
    0.7307399809360504,
    0.7376399636268616,
    0.7368199825286865
  ]
}