{
  "mode": "erm",
  "e1": 0.1,
  "e2": 0.9,
  "selection_method": "leave_one_domain_out",
  "mean_test_acc": 0.7059899866580963,
  "std_test_acc": 0.011947429468570228,
  "mean_train_acc": 0.7898679852485657,
  "std_train_acc": 0.004725336872104942,
  "all_test_accs": [
    0.7251999974250793,
    0.6943999528884888,
    0.707099974155426,
    0.6923999786376953,
    0.7182999849319458,
    0.6931999921798706,
    0.7159000039100647,
    0.7039999961853027,
    0.7172999978065491,
    0.6920999884605408
  ],
  "all_train_accs": [
    0.7897000014781952,
    0.7866199910640717,
    0.7924999594688416,
    0.7928600013256073,
    0.786899983882904,
    0.7953799962997437,
    0.7955199778079987,
    0.7866599559783936,
    0.792959988117218,
    0.7795799970626831
  ]
}