{
  "mode": "erm",
  "e1": 0.1,
  "e2": 0.6,
  "selection_method": "train_domain_val",
  "mean_test_acc": 0.5471599817276,
  "std_test_acc": 0.02368781655349916,
  "mean_train_acc": 0.8271699696779251,
  "std_train_acc": 0.003720045629456588,
  "all_test_accs": [
    0.560699999332428,
    0.5381999611854553,
    0.5015999674797058,
    0.5644999742507935,
    0.5694999694824219,
    0.5715000033378601,
    0.5379999876022339,
    0.5212000012397766,
    0.530299961566925,
    0.5760999917984009
  ],
  "all_train_accs": [
    0.8286749720573425,
    0.8305999636650085,
    0.8229249715805054,
    0.8237499594688416,
    0.8320249915122986,
    0.8291999697685242,
    0.8288249671459198,
    0.8261249661445618,
    0.8298749625682831,
    0.8196999728679657
  ]
}