{
  "mode": "irm",
  "e1": 0.1,
  "e2": 0.4,
  "selection_method": "leave_one_domain_out",
  "mean_test_acc": 0.5888799846172332,
  "std_test_acc": 0.023927799722344892,
  "mean_train_acc": 0.8167819768190384,
  "std_train_acc": 0.011002905694255431,
  "all_test_accs": [
    0.5672999620437622,
    0.5909000039100647,
    0.5637999773025513,
    0.6140999794006348,
    0.6474999785423279,
    0.5932999849319458,
    0.5785999894142151,
    0.574999988079071,
    0.5742999911308289,
    0.5839999914169312
  ],
  "all_train_accs": [
    0.8119399845600128,
    0.8257199823856354,
    0.8157599866390228,
    0.8193199634552002,
    0.800739973783493,
    0.8212999701499939,
    0.8190599679946899,
    0.8225799798965454,
    0.7959399819374084,
    0.835459977388382
  ]
}