{
  "mode": "irm",
  "e1": 0.1,
  "e2": 0.8,
  "selection_method": "leave_one_domain_out",
  "mean_test_acc": 0.6830499827861786,
  "std_test_acc": 0.012809158269505535,
  "mean_train_acc": 0.7898819804191589,
  "std_train_acc": 0.025711296604628807,
  "all_test_accs": [
    0.7005999684333801,
    0.6743999719619751,
    0.6678999662399292,
    0.6640999913215637,
    0.6866999864578247,
    0.6923999786376953,
    0.6705999970436096,
    0.703000009059906,
    0.6868999600410461,
    0.683899998664856
  ],
  "all_train_accs": [
    0.7905799746513367,
    0.8033199906349182,
    0.7993599772453308,
    0.7139199674129486,
    0.802839994430542,
    0.7989999651908875,
    0.7966199815273285,
    0.7907799780368805,
    0.7983599901199341,
    0.8040399849414825
  ]
}