{
  "mode": "irm",
  "e1": 0.1,
  "e2": 0.5,
  "selection_method": "oracle",
  "mean_test_acc": 0.7301599740982055,
  "std_test_acc": 0.00495119814347135,
  "mean_train_acc": 0.7137959867715835,
  "std_train_acc": 0.004880901785747667,
  "all_test_accs": [
    0.7193999886512756,
    0.7328999638557434,
    0.7303999662399292,
    0.7286999821662903,
    0.7321999669075012,
    0.7307999730110168,
    0.7387999892234802,
    0.7324999570846558,
    0.731499969959259,
    0.724399983882904
  ],
  "all_train_accs": [
    0.7134599983692169,
    0.7159200012683868,
    0.7057399749755859,
    0.7134799957275391,
    0.7126399874687195,
    0.7173199653625488,
    0.7084599733352661,
    0.7166199684143066,
    0.7102400064468384,
    0.7240799963474274
  ]
}