{
  "mode": "irm",
  "e1": 0.1,
  "e2": 0.9,
  "selection_method": "leave_one_domain_out",
  "mean_test_acc": 0.6838699877262115,
  "std_test_acc": 0.04990059006423961,
  "mean_train_acc": 0.7525479793548584,
  "std_train_acc": 0.08021359555059256,
  "all_test_accs": [
    0.6992999911308289,
    0.6633999943733215,
    0.7096999883651733,
    0.6915000081062317,
    0.5399999618530273,
    0.7141000032424927,
    0.6980999708175659,
    0.7035999894142151,
    0.7098000049591064,
    0.7091999650001526
  ],
  "all_train_accs": [
    0.7947199940681458,
    0.7321399748325348,
    0.786139965057373,
    0.8078599870204926,
    0.5189799964427948,
    0.7770999670028687,
    0.7641800045967102,
    0.7915599644184113,
    0.7783399820327759,
    0.774459958076477
  ]
}