{
  "mode": "irm",
  "e1": 0.1,
  "e2": 0.2,
  "selection_method": "oracle",
  "mean_test_acc": 0.6650599777698517,
  "std_test_acc": 0.006776463794568604,
  "mean_train_acc": 0.7045719861984253,
  "std_train_acc": 0.004775551398423144,
  "all_test_accs": [
    0.6668999791145325,
    0.6654999852180481,
    0.6658999919891357,
    0.6667999625205994,
    0.6751999855041504,
    0.6581999659538269,
    0.666700005531311,
    0.6495999693870544,
    0.6631999611854553,
    0.6725999712944031
  ],
  "all_train_accs": [
    0.7126599848270416,
    0.7036799788475037,
    0.70619997382164,
    0.7102199792861938,
    0.7008399963378906,
    0.7044999897480011,
    0.7076799869537354,
    0.6986199915409088,
    0.6963199973106384,
    0.7049999833106995
  ]
}