{
  "mode": "erm",
  "e1": 0.1,
  "e2": 0.4,
  "selection_method": "leave_one_domain_out",
  "mean_test_acc": 0.3705099940299988,
  "std_test_acc": 0.0230930933515271,
  "mean_train_acc": 0.8325039744377136,
  "std_train_acc": 0.003789169274342587,
  "all_test_accs": [
    0.3531000018119812,
    0.36820000410079956,
    0.36079999804496765,
    0.36089998483657837,
    0.33649998903274536,
    0.4043000042438507,
    0.39739999175071716,
    0.35409998893737793,
    0.40869998931884766,
    0.3610999882221222
  ],
  "all_train_accs": [
    0.8327399790287018,
    0.8323999643325806,
    0.8343199789524078,
    0.8334599733352661,
    0.8331599533557892,
    0.8287999927997589,
    0.8385599851608276,
    0.8289799690246582,
    0.8373599648475647,
    0.8252599835395813
  ]
}