{
  "mode": "irm",
  "e1": 0.1,
  "e2": 0.9,
  "selection_method": "train_domain_val",
  "mean_test_acc": 0.7198599815368653,
  "std_test_acc": 0.0014458246030376262,
  "mean_train_acc": 0.7381324797868729,
  "std_train_acc": 0.0022179714224910313,
  "all_test_accs": [
    0.7210999727249146,
    0.7208999991416931,
    0.7178999781608582,
    0.722599983215332,
    0.7185999751091003,
    0.7206000089645386,
    0.7202999591827393,
    0.7178999781608582,
    0.718999981880188,
    0.7196999788284302
  ],
  "all_train_accs": [
    0.7362749874591827,
    0.7352249622344971,
    0.7340999841690063,
    0.7410999834537506,
    0.7390749752521515,
    0.7409749925136566,
    0.73847496509552,
    0.7398999929428101,
    0.7381749749183655,
    0.7380249798297882
  ]
}