{
  "mode": "irm",
  "e1": 0.1,
  "e2": 0.6,
  "selection_method": "leave_one_domain_out",
  "mean_test_acc": 0.6949699878692627,
  "std_test_acc": 0.03023422408246668,
  "mean_train_acc": 0.7512539818882942,
  "std_train_acc": 0.0655770661308762,
  "all_test_accs": [
    0.6899999976158142,
    0.6908999681472778,
    0.7671999931335449,
    0.691100001335144,
    0.6912999749183655,
    0.7148000001907349,
    0.7106999754905701,
    0.6811000108718872,
    0.6523999571800232,
    0.6601999998092651
  ],
  "all_train_accs": [
    0.7809599936008453,
    0.7934199869632721,
    0.573759987950325,
    0.7872199714183807,
    0.762939989566803,
    0.6993799805641174,
    0.7727799713611603,
    0.790039986371994,
    0.7484199702739716,
    0.8036199808120728
  ]
}