{
  "mode": "erm",
  "e1": 0.1,
  "e2": 0.6,
  "selection_method": "oracle",
  "mean_test_acc": 0.5721699833869934,
  "std_test_acc": 0.01651939139108043,
  "mean_train_acc": 0.8057419806718826,
  "std_train_acc": 0.005398613678676164,
  "all_test_accs": [
    0.5816999673843384,
    0.5397999882698059,
    0.5789999961853027,
    0.6019999980926514,
    0.571399986743927,
    0.5857999920845032,
    0.5615999698638916,
    0.5550999641418457,
    0.5782999992370605,
    0.5669999718666077
  ],
  "all_train_accs": [
    0.8073999881744385,
    0.80935999751091,
    0.8088599741458893,
    0.805899977684021,
    0.8078799843788147,
    0.805079996585846,
    0.790619969367981,
    0.8051199615001678,
    0.8058199882507324,
    0.8113799691200256
  ]
}