{
  "mode": "irm",
  "e1": 0.1,
  "e2": 0.3,
  "selection_method": "oracle",
  "mean_test_acc": 0.6964499831199646,
  "std_test_acc": 0.02847479895382966,
  "mean_train_acc": 0.7156879782676697,
  "std_train_acc": 0.009885174835160427,
  "all_test_accs": [
    0.6947999596595764,
    0.7293999791145325,
    0.663100004196167,
    0.712399959564209,
    0.72079998254776,
    0.6687999963760376,
    0.7286999821662903,
    0.6446999907493591,
    0.684499979019165,
    0.7172999978065491
  ],
  "all_train_accs": [
    0.736519992351532,
    0.7101399600505829,
    0.7145399749279022,
    0.7246999740600586,
    0.7201799750328064,
    0.7143999934196472,
    0.706059992313385,
    0.7038399875164032,
    0.722279965877533,
    0.7042199671268463
  ]
}