{
  "mode": "erm",
  "e1": 0.1,
  "e2": 0.5,
  "selection_method": "leave_one_domain_out",
  "mean_test_acc": 0.48742999136447906,
  "std_test_acc": 0.022463799780115055,
  "mean_train_acc": 0.8169039815664292,
  "std_train_acc": 0.008257820142487689,
  "all_test_accs": [
    0.4723999798297882,
    0.5130000114440918,
    0.47189998626708984,
    0.4926999807357788,
    0.5029999613761902,
    0.5108000040054321,
    0.46559998393058777,
    0.487199991941452,
    0.44359999895095825,
    0.5141000151634216
  ],
  "all_train_accs": [
    0.8158999979496002,
    0.8175999820232391,
    0.8181599676609039,
    0.8206999897956848,
    0.8216799795627594,
    0.8218999803066254,
    0.8220999836921692,
    0.8218999803066254,
    0.7931599617004395,
    0.8159399926662445
  ]
}