{
  "mode": "irm",
  "e1": 0.1,
  "e2": 0.6,
  "selection_method": "oracle",
  "mean_test_acc": 0.724949985742569,
  "std_test_acc": 0.0016372311778593306,
  "mean_train_acc": 0.7349519819021225,
  "std_train_acc": 0.0014209047707120488,
  "all_test_accs": [
    0.7261999845504761,
    0.7249000072479248,
    0.7238999605178833,
    0.7261999845504761,
    0.7206999659538269,
    0.7263000011444092,
    0.724399983882904,
    0.7263000011444092,
    0.7256999611854553,
    0.7249000072479248
  ],
  "all_train_accs": [
    0.7324599921703339,
    0.7347999811172485,
    0.7339999973773956,
    0.7366799712181091,
    0.7356799840927124,
    0.7371000051498413,
    0.735319972038269,
    0.7358199656009674,
    0.7346999645233154,
    0.7329599857330322
  ]
}