{
  "mode": "irm",
  "e1": 0.1,
  "e2": 0.6,
  "selection_method": "train_domain_val",
  "mean_test_acc": 0.6937899827957154,
  "std_test_acc": 0.019016486800032036,
  "mean_train_acc": 0.7491349816322327,
  "std_train_acc": 0.01900126760326344,
  "all_test_accs": [
    0.703000009059906,
    0.7067999839782715,
    0.7027999758720398,
    0.7020999789237976,
    0.6920999884605408,
    0.6979999542236328,
    0.6378999948501587,
    0.699999988079071,
    0.6973999738693237,
    0.6977999806404114
  ],
  "all_train_accs": [
    0.7544249594211578,
    0.746874988079071,
    0.7558749616146088,
    0.7574249804019928,
    0.7599499821662903,
    0.7559749782085419,
    0.6933499872684479,
    0.749875009059906,
    0.7590749859809875,
    0.7585249841213226
  ]
}