{
  "mode": "irm",
  "e1": 0.1,
  "e2": 0.5,
  "selection_method": "train_domain_val",
  "mean_test_acc": 0.703009980916977,
  "std_test_acc": 0.007951904939253759,
  "mean_train_acc": 0.7252124816179275,
  "std_train_acc": 0.007685294307625787,
  "all_test_accs": [
    0.7041999697685242,
    0.7026000022888184,
    0.70660001039505,
    0.7026999592781067,
    0.7076999545097351,
    0.7014999985694885,
    0.703499972820282,
    0.708299994468689,
    0.7119999527931213,
    0.6809999942779541
  ],
  "all_train_accs": [
    0.727649986743927,
    0.7185499966144562,
    0.7377499639987946,
    0.723749965429306,
    0.7235999703407288,
    0.7272000014781952,
    0.7285749912261963,
    0.7293249666690826,
    0.7287749946117401,
    0.7069499790668488
  ]
}