{
  "mode": "irm",
  "e1": 0.1,
  "e2": 0.8,
  "selection_method": "oracle",
  "mean_test_acc": 0.7275599837303162,
  "std_test_acc": 0.0015226282254733234,
  "mean_train_acc": 0.7398219794034958,
  "std_train_acc": 0.0018104467943865978,
  "all_test_accs": [
    0.7282999753952026,
    0.7283999919891357,
    0.7279999852180481,
    0.7286999821662903,
    0.7263000011444092,
    0.7239999771118164,
    0.7283999919891357,
    0.729699969291687,
    0.7267999649047852,
    0.7269999980926514
  ],
  "all_train_accs": [
    0.7424399852752686,
    0.740339994430542,
    0.7424399852752686,
    0.7410399615764618,
    0.7393399775028229,
    0.7387999594211578,
    0.7388799786567688,
    0.7369599938392639,
    0.7373199760913849,
    0.7406599819660187
  ]
}