{
  "best": {
    "hidden_dim": 429,
    "l2_regularizer_weight": 2.4110656020729867e-05,
    "lr": 0.00037459580138939443,
    "penalty_anneal_iters": 75,
    "penalty_weight": 298825.1714759648,
    "steps": 101,
    "grayscale_model": false,
    "mode": "irm"
  }
}