{
  "best": {
    "hidden_dim": 256,
    "l2_regularizer_weight": 0.001,
    "lr": 0.001,
    "penalty_anneal_iters": 0,
    "penalty_weight": 0.0,
    "steps": 501,
    "grayscale_model": false,
    "mode": "erm"
  },
  "all_trials": [
    {
      "train_accs": [
        0.9226399660110474,
        0.843239963054657
      ],
      "val_accs": [
        0.9204399585723877,
        0.8332399725914001
      ],
      "test_acc": 0.1256999969482422,
      "mean_train": 0.8829399645328522,
      "mean_val": 0.8768399655818939
    }
  ],
  "config": "original",
  "cfg": {
    "e_values": [
      0.1,
      0.2
    ],
    "description": "Original 2-env setup \u2014 color and texture ANTI-correlated"
  },
  "mode": "erm",
  "selection_method": "oracle"
}