{
  "best": {
    "hidden_dim": 256,
    "l2_regularizer_weight": 0.001,
    "lr": 0.001,
    "penalty_anneal_iters": 0,
    "penalty_weight": 0.0,
    "steps": 501,
    "grayscale_model": false,
    "mode": "erm"
  },
  "all_trials": [
    {
      "train_accs": [
        0.7852799892425537,
        0.85371994972229
      ],
      "val_accs": [
        0.7734400033950806,
        0.8444799780845642
      ],
      "test_acc": 0.9204999804496765,
      "mean_train": 0.8194999694824219,
      "mean_val": 0.8089599907398224
    }
  ],
  "config": "proximate",
  "cfg": {
    "e_values": [
      0.7,
      0.8
    ],
    "description": "High proximity \u2014 color and texture ANTI-correlated"
  },
  "mode": "erm",
  "selection_method": "oracle"
}