{
  "best": {
    "hidden_dim": 173,
    "l2_regularizer_weight": 4.978732110473153e-05,
    "lr": 0.002003920918106346,
    "penalty_anneal_iters": 77,
    "penalty_weight": 1160.1685521086447,
    "steps": 501,
    "grayscale_model": false,
    "mode": "irm"
  }
}