{
  "best": {
    "hidden_dim": 256,
    "l2_regularizer_weight": 0.001,
    "lr": 0.001,
    "penalty_anneal_iters": 0,
    "penalty_weight": 0.0,
    "steps": 501,
    "grayscale_model": false
  },
  "all_trials": [
    {
      "trial": 0,
      "score": 0.8023999929428101,
      "val_accs": [
        0.8023999929428101,
        0.8628000020980835
      ],
      "test_acc": 0.21159999072551727,
      "elapsed": 3.5897510051727295,
      "hidden_dim": 256,
      "l2_regularizer_weight": 0.001,
      "lr": 0.001,
      "penalty_anneal_iters": 0,
      "penalty_weight": 0.0,
      "steps": 501,
      "grayscale_model": false
    }
  ]
}