{
  "best": {
    "hidden_dim": 240,
    "l2_regularizer_weight": 6.447036682716463e-05,
    "lr": 0.00034751497510651446,
    "penalty_anneal_iters": 65,
    "penalty_weight": 179093.96718478328,
    "steps": 101,
    "grayscale_model": false
  },
  "all_trials": [
    {
      "trial": 0,
      "score": 0.8087999820709229,
      "train_accs": [
        0.7987499833106995,
        0.8992499709129333
      ],
      "val_accs": [
        0.8087999820709229,
        0.890999972820282
      ],
      "test_acc": 0.10809999704360962,
      "elapsed": 9.157691240310669,
      "hidden_dim": 240,
      "l2_regularizer_weight": 6.447036682716463e-05,
      "lr": 0.00034751497510651446,
      "penalty_anneal_iters": 65,
      "penalty_weight": 179093.96718478328,
      "steps": 101,
      "grayscale_model": false
    },
    {
      "trial": 1,
      "score": 0.5687999725341797,
      "train_accs": [
        0.5803499817848206,
        0.5809000134468079
      ],
      "val_accs": [
        0.5687999725341797,
        0.5805999636650085
      ],
      "test_acc": 0.4763000011444092,
      "elapsed": 27.404205560684204,
      "hidden_dim": 427,
      "l2_regularizer_weight": 0.0006605524798050307,
      "lr": 0.0016962761700286555,
      "penalty_anneal_iters": 176,
      "penalty_weight": 549907.5661406083,
      "steps": 301,
      "grayscale_model": false
    }
  ]
}