{
  "best": {
    "hidden_dim": 256,
    "l2_regularizer_weight": 0.001,
    "lr": 0.001,
    "penalty_anneal_iters": 0,
    "penalty_weight": 0.0,
    "steps": 501,
    "grayscale_model": false
  },
  "all_trials": [
    {
      "trial": 0,
      "score": 0.7944799661636353,
      "val_accs": [
        0.7944799661636353,
        0.8303599953651428
      ],
      "test_acc": 0.25589998811483383,
      "elapsed": 25.46456289291382,
      "hidden_dim": 256,
      "l2_regularizer_weight": 0.001,
      "lr": 0.001,
      "penalty_anneal_iters": 0,
      "penalty_weight": 0.0,
      "steps": 501,
      "grayscale_model": false
    }
  ]
}