{
  "best": {
    "hidden_dim": 256,
    "l2_regularizer_weight": 0.001,
    "lr": 0.001,
    "penalty_anneal_iters": 0,
    "penalty_weight": 0.0,
    "steps": 501,
    "grayscale_model": false
  },
  "all_trials": [
    {
      "trial": 0,
      "score": 0.8029999732971191,
      "val_accs": [
        0.8029999732971191,
        0.8661999702453613
      ],
      "test_acc": 0.2061000019311905,
      "elapsed": 18.5150306224823,
      "hidden_dim": 256,
      "l2_regularizer_weight": 0.001,
      "lr": 0.001,
      "penalty_anneal_iters": 0,
      "penalty_weight": 0.0,
      "steps": 501,
      "grayscale_model": false
    }
  ]
}