{
  "best": {
    "hidden_dim": 427,
    "l2_regularizer_weight": 0.0006605524798050307,
    "lr": 0.0016962761700286555,
    "penalty_anneal_iters": 176,
    "penalty_weight": 549907.5661406083,
    "steps": 301,
    "grayscale_model": false
  },
  "all_trials": [
    {
      "trial": 0,
      "score": 0.7001999616622925,
      "val_accs": [
        0.7001999616622925,
        0.7567999958992004
      ],
      "test_acc": 0.8157999515533447,
      "elapsed": 4.17359733581543,
      "hidden_dim": 240,
      "l2_regularizer_weight": 6.447036682716463e-05,
      "lr": 0.00034751497510651446,
      "penalty_anneal_iters": 65,
      "penalty_weight": 179093.96718478328,
      "steps": 101,
      "grayscale_model": false
    },
    {
      "trial": 1,
      "score": 0.7310000061988831,
      "val_accs": [
        0.7310000061988831,
        0.7473999857902527
      ],
      "test_acc": 0.771399974822998,
      "elapsed": 21.519279956817627,
      "hidden_dim": 427,
      "l2_regularizer_weight": 0.0006605524798050307,
      "lr": 0.0016962761700286555,
      "penalty_anneal_iters": 176,
      "penalty_weight": 549907.5661406083,
      "steps": 301,
      "grayscale_model": false
    }
  ]
}