{
  "best": {
    "hidden_dim": 240,
    "l2_regularizer_weight": 6.447036682716463e-05,
    "lr": 0.00034751497510651446,
    "penalty_anneal_iters": 65,
    "penalty_weight": 179093.96718478328,
    "steps": 101,
    "grayscale_model": false
  },
  "all_trials": [
    {
      "trial": 0,
      "score": 0.7875787019729614,
      "val_accs": [
        0.8934893012046814,
        0.8499849438667297,
        0.7875787019729614
      ],
      "test_acc": 0.10080000013113022,
      "elapsed": 4.922005891799927,
      "hidden_dim": 240,
      "l2_regularizer_weight": 6.447036682716463e-05,
      "lr": 0.00034751497510651446,
      "penalty_anneal_iters": 65,
      "penalty_weight": 179093.96718478328,
      "steps": 101,
      "grayscale_model": false
    },
    {
      "trial": 1,
      "score": 0.7437743544578552,
      "val_accs": [
        0.7689768671989441,
        0.7482748031616211,
        0.7437743544578552
      ],
      "test_acc": 0.5740000009536743,
      "elapsed": 22.401548862457275,
      "hidden_dim": 427,
      "l2_regularizer_weight": 0.0006605524798050307,
      "lr": 0.0016962761700286555,
      "penalty_anneal_iters": 176,
      "penalty_weight": 549907.5661406083,
      "steps": 301,
      "grayscale_model": false
    }
  ]
}