{
  "mode": "irm",
  "e_train": 0.1,
  "selection_method": "train_domain_val",
  "mean_test_acc": 0.09956666827201843,
  "std_test_acc": 0.0010143428594569064,
  "all_test_accs": [
    0.10100000351667404,
    0.09889999777078629,
    0.09880000352859497
  ],
  "hidden_dim": 256,
  "lr": 0.00116,
  "l2_regularizer_weight": 0.000259,
  "penalty_anneal_iters": 65,
  "penalty_weight": 34583.8,
  "steps": 201
}