{
  "best": {
    "hidden_dim": 256,
    "l2_regularizer_weight": 0.001,
    "lr": 0.001,
    "penalty_anneal_iters": 0,
    "penalty_weight": 0.0,
    "steps": 501,
    "grayscale_model": false,
    "mode": "erm"
  },
  "all_trials": [
    {
      "train_accs": [
        0.8814399838447571,
        0.6439200043678284
      ],
      "val_accs": [
        0.8754400014877319,
        0.6362000107765198
      ],
      "test_acc": 0.31859999895095825,
      "mean_train": 0.7626799941062927,
      "mean_val": 0.7558200061321259
    }
  ],
  "config": "diverse",
  "cfg": {
    "e_values": [
      0.1,
      0.5
    ],
    "description": "High diversity, both spurious features"
  },
  "mode": "erm",
  "selection_method": "oracle"
}