{
  "best": {
    "hidden_dim": 256,
    "l2_regularizer_weight": 0.001,
    "lr": 0.001,
    "penalty_anneal_iters": 0,
    "penalty_weight": 0.0,
    "steps": 501,
    "grayscale_model": false
  },
  "all_trials": [
    {
      "trial": 0,
      "score": 0.7942000031471252,
      "env0_acc": 0.8472499847412109,
      "env1_acc": 0.916700005531311,
      "val0_acc": 0.7942000031471252,
      "val1_acc": 0.8727999925613403,
      "test_acc": 0.18879999220371246,
      "elapsed": 18.305362462997437,
      "hidden_dim": 256,
      "l2_regularizer_weight": 0.001,
      "lr": 0.001,
      "penalty_anneal_iters": 0,
      "penalty_weight": 0.0,
      "steps": 501,
      "grayscale_model": false
    }
  ]
}