{
  "best": {
    "hidden_dim": 256,
    "l2_regularizer_weight": 0.001,
    "lr": 0.001,
    "penalty_anneal_iters": 0,
    "penalty_weight": 0.0,
    "steps": 501,
    "grayscale_model": false
  },
  "all_trials": [
    {
      "trial": 0,
      "score": 0.796239972114563,
      "env0_acc": 0.8296799659729004,
      "env1_acc": 0.9089999794960022,
      "val0_acc": 0.796239972114563,
      "val1_acc": 0.884440004825592,
      "test_acc": 0.17430000007152557,
      "elapsed": 24.324843406677246,
      "hidden_dim": 256,
      "l2_regularizer_weight": 0.001,
      "lr": 0.001,
      "penalty_anneal_iters": 0,
      "penalty_weight": 0.0,
      "steps": 501,
      "grayscale_model": false
    }
  ]
}